Barcode,Print Info,Variety ID,Variety,Batch,Sample #,Extraction date,Measurement Date,Glucose,Fructose,Sucrose,Raffinose,1-Kestose,Maltose,Nystose,"1,1,1-Kestopentaose",Total Fructan
38368,Cabaret-R1_L1P3,26,Cabaret,1,1,20180118,20180129,0.526,0.389,14.1397,6.9578,2.2978,0.6074,0.8382,0.069,7.2098
38369,Hassan-R1_L1P4,73,Hassan,1,2,20180118,20180129,0.4859,0.3648,11.2474,5.2362,2.4178,0.498,1.3786,0.2214,8.311
38370,Goldie-R1_L1P5,66,Goldie,1,3,20180118,20180129,0.8784,0.8297,13.1672,7.7565,3.3678,1.2678,2.2351,1.1188,14.6028
38371,Foxtrot-R1_L1P6,61,Foxtrot,1,4,20180118,20180129,0.2633,0.2622,6.5676,4.6418,1.0702,0.2225,0.262,0.1631,3.2343
38372,check 3-R1_L1P7,103,Mundah,1,5,20180118,20180129,0.5243,0.3051,11.9172,5.373,2.6397,0.8873,0.5425,0.1852,6.9215
38374,Extract-R1_L1P9,55,Extract,1,6,20180118,20180129,0.6114,0.4913,11.2841,4.5749,2.0705,0.7132,1.5353,0.6373,9.0696
38373,Roxana-R1_L1P8,124,Roxana,1,7,20180118,20180129,0.5532,0.5901,10.5151,7.196,2.1329,0.7392,0.9485,0.1213,6.4091
38376,Velvet-R1_L1P11,152,Velvet,1,8,20180118,20180129,0.9331,1.0467,13.7581,5.2965,3.7651,0.6034,2.563,1.1333,17.571
38377,Prisma-R1_L1P12,115,Prisma,1,9,20180118,20180129,0.564,0.4895,10.0859,6.8276,1.6431,1.6731,0.9399,0.1481,6.9668
38378,Ida-R1_L1P13,82,Ida,1,10,20180118,20180129,0.3368,0.4329,11.3415,6.227,1.9679,0.5829,0.567,0.3932,6.0166
38379,Sj christina-R1_L1P14,133,Sj christina,1,11,20180118,20180129,0.4154,0.4923,10.9123,7.7781,2.289,0.5446,1.3282,0.7158,9.2284
38380,Astoria-R1_L1P15,14,Astoria,1,12,20180118,20180129,0.1931,0.2274,11.0573,6.1418,2.0682,0.9375,0.7466,0.4209,6.1391
38381,Wren-R1_L1P16,158,Wren,1,13,20180118,20180129,0.2741,0.229,9.8215,5.7444,2.3106,0.9933,0.3457,0.1154,6.3557
38382,Keops-R1_L1P17,87,Keops,1,14,20180118,20180129,0.2011,0.2296,9.3047,5.8451,1.888,0.7605,0.1669,0.1045,4.2988
38383,Maypole-R1_L1P18,98,Maypole,1,15,20180118,20180129,0.1883,0.2126,10.9523,7.2133,2.5922,1.2483,0.0792,0.035,5.4907
38384,Cambrinus-R1_L1P19,29,Cambrinus,1,16,20180118,20180129,0.1836,0.2764,11.2067,6.1022,2.7261,0.9931,0.4963,0.261,6.8855
38375,Viivi-R1_L1P10,153,Viivi,1,17,20180118,20180129,0.4038,0.3448,9.6799,5.46,2.1311,0.9649,0.8546,0.6713,7.613
38385,Anaconda-R1_L1P20,10,Anaconda,1,18,20180118,20180129,0.3269,0.1586,9.8893,5.4552,2.6019,1.3227,0.0991,-0.0093,5.2862
38386,Cecilia-R1_L1P21,34,Cecilia,1,19,20180118,20180129,0.5543,0.2965,12.241,4.8594,1.6137,2.3953,1.0156,0.1477,5.6587
38387,Global-R1_L1P22,64,Global,1,20,20180118,20180129,0.7324,0.7364,13.5669,7.317,2.9946,0.7663,2.0553,0.7251,13.0127
38388,Macarena-R1_L1P23,95,Macarena,1,21,20180118,20180129,0.3997,0.3782,10.5671,5.7955,1.8569,1.1618,0.342,0.249,4.8175
38389,Cellar-R1_L1P24,36,Cellar,1,22,20180118,20180129,0.5315,0.5064,10.4719,4.6767,1.9496,0.6556,0.8602,0.261,7.6803
38390,check 1-R1_L1P25,78,Hindmarsh,1,23,20180118,20180129,0.2267,0.3726,7.6849,5.876,1.4571,0.488,0.2813,0.1152,4.2336
38391,Agenda-R1_L2P2,4,Agenda,2,24,20180119,20180130,0.9121,0.719,10.7295,5.4178,3.4832,0.819,1.5742,0.1655,10.7533
38392,Charm-R1_L2P3,38,Charm,2,25,20180119,20180130,0.2287,0.4274,8.0158,6.9996,2.2537,0.9751,0.1239,0.0457,4.7939
38393,Tabora-R1_L2P4,137,Tabora,2,26,20180119,20180130,0.8151,0.7769,13.8687,5.0145,2.8687,1.1104,2.2261,0.8837,12.3523
38394,Poker-R1_L2P5,113,Poker,2,27,20180119,20180130,0.3523,0.6562,11.441,7.8817,2.0966,0.8941,0.9168,0.4257,6.9061
38395,Gundel-R1_L2P6,69,Gundel,2,28,20180119,20180130,0.3235,0.5349,9.7998,7.2032,1.7494,0.6897,0.5919,0.1538,5.5765
38396,Hana-R1_L2P7,70,Hana,2,29,20180119,20180130,0.2262,0.375,8.2584,5.8125,1.588,0.9854,0.2823,0.1135,4.0804
38397,Prosa-R1_L2P8,116,Prosa,2,30,20180119,20180130,0.5089,0.6501,9.9006,4.1007,2.3108,0.7585,1.1062,0.3089,7.83
38404,Hopper-R1_L2P15,79,Hopper,2,31,20180119,20180130,1.2266,1.2935,11.9799,5.5011,3.4039,0.8111,1.2534,0.1303,10.7886
38405,Taphouse-R1_L2P16,139,Taphouse,2,32,20180119,20180130,0.2006,0.3264,8.0118,5.3098,1.5922,0.7212,0.075,0.0389,3.5386
38407,Chime-R1_L2P18,40,Chime,2,33,20180119,20180130,1.2578,1.1328,12.87,6.1578,3.1318,0.9145,2.2652,0.3203,11.6199
38408,Troon-R1_L2P19,146,Troon,2,34,20180119,20180130,0.8493,0.9253,12.8556,7.1552,2.5677,0.8962,1.4248,0.9635,10.9997
38409,Vankkuri-R1_L2P20,151,Vankkuri,2,35,20180119,20180130,0.2008,0.3692,8.9428,7.1504,1.7047,0.6657,0.1513,0.0423,3.9893
38410,Gant-R1_L2P21,63,Gant,2,36,20180119,20180130,0.3358,0.4324,10.2004,7.9801,1.7054,0.5382,0.1477,0.0324,4.047
38411,Avec-R1_L2P22,19,Avec,2,37,20180119,20180130,0.2656,0.375,8.9446,5.9497,1.4222,0.9771,0.2219,0.0565,3.6896
38412,Adonis-R1_L2P23,3,Adonis,2,38,20180119,20180130,0.3914,0.5237,12.8233,7.9265,2.7682,0.6364,1.1029,0.3431,9.2263
38413,Campala-R1_L2P24,31,Campala,2,39,20180119,20180130,0.3543,0.5366,10.1554,5.4121,2.2892,0.7346,0.8495,0.167,7.3171
38414,Toucan-R1_L2P25,144,Toucan,2,40,20180119,20180130,0.2327,0.2378,8.863,5.7106,2.1935,1.1174,0.2273,0.099,5.2004
38415,Elo-R1_L3P2,54,Elo,2,41,20180119,20180130,0.2969,0.5265,9.2632,5.9555,2.121,0.7195,0.4896,0.2248,6.0109
38416,Neruda-R1_L3P3,104,Neruda,2,42,20180119,20180130,0.5438,0.7554,11.6289,5.7908,2.9906,0.85,1.8893,0.348,12.1289
38417,Scandium-R1_L3P4,129,Scandium,2,43,20180119,20180130,0.6433,0.8128,12.0686,7.9068,1.7787,0.7756,1.0781,0.181,8.0194
38418,Wicket-R1_L3P5,156,Wicket,2,44,20180119,20180130,0.6065,0.6527,9.1902,5.0967,1.6109,0.691,0.3377,0.1045,4.5273
38419,Lina-R1_L3P6,91,Lina,2,45,20180119,20180130,0.5761,0.6513,9.6385,3.5349,2.8156,0.536,1.5214,0.255,10.7442
38420,Baronesse-R1_L3P7,21,Baronesse,2,46,20180119,20180130,0.6282,0.8518,12.9761,5.3991,3.5189,0.7539,2.3987,0.3986,13.6197
38421,check 3-R2_L3P8,103,Mundah,3,47,20180122,20180131,0.8109,0.6577,15.2957,7.8363,3.2896,0.8903,0.9381,0.2515,9.32
38422,Catalina-R1_L3P9,33,Catalina,3,48,20180122,20180131,1.2608,1.379,15.938,5.8534,4.1284,0.8469,2.2085,0.3781,17.5059
38423,Jive-R1_L3P10,86,Jive,3,49,20180122,20180131,0.4103,0.4931,10.0823,6.3998,2.7057,0.8291,1.7184,0.6096,10.6677
38424,Linden-R1_L3P11,92,Linden,3,50,20180122,20180131,1.0003,1.1248,15.5602,7.4884,4.9732,0.8165,2.8972,0.1946,17.4013
38425,Camir-R1_L3P12,30,Camir,3,51,20180122,20180131,0.5742,0.6441,11.7834,7.5106,2.2915,1.0903,0.7882,0.5574,7.5179
38426,Quench-R1_L3P13,118,Quench,3,52,20180122,20180131,0.7652,0.9437,13.522,7.8879,3.8355,0.6392,2.8117,0.8661,18.9538
38429,Starlight-R1_L3P16,135,Starlight,3,53,20180122,20180131,0.8741,0.9937,12.5212,5.2679,3.4116,1.0168,1.9466,0.3652,13.533
38430,Quartet-R1_L3P17,117,Quartet,3,54,20180122,20180131,1.6664,2.1414,15.9487,4.0842,5.4004,0.6566,3.4614,0.4796,25.6741
38398,check 2-R1_L2P9,58,Fleet,3,55,20180122,20180131,0.5015,0.4273,11.5171,4.9703,3.6738,1.586,0.1257,0.1009,7.9527
38399,Helmi-R1_L2P10,75,Helmi,3,56,20180122,20180131,0.4381,0.5474,9.706,6.4496,1.5769,0.4105,0.7488,0.1152,5.366
38400,Franklin-R1_L2P11,62,Franklin,3,57,20180122,20180131,0.4682,0.6613,9.2473,5.0353,2.3027,0.4415,0.7817,0.122,8.2176
38401,Auriga-R1_L2P12,18,Auriga,3,58,20180122,20180131,0.4302,0.6393,11.3754,7.2356,3.1235,0.5319,0.9872,0.3243,10.5173
38402,Minstrel-R1_L2P13,102,Minstrel,3,59,20180122,20180131,0.2488,0.4359,10.29,5.0887,2.5698,0.5919,0.5665,0.3008,7.2794
38403,Simba-R1_L2P14,132,Simba,3,60,20180122,20180131,0.3444,0.3524,11.6122,7.9523,2.485,1.12,0.4367,0.15,6.3839
38506,Ragtime-R1_L6P21,119,Ragtime,3,61,20180122,20180131,1.2063,1.1737,16.116,8.2399,7.3495,1.0353,4.3522,0.4812,28.5631
38507,Braemar-R1_L6P22,24,Braemar,3,62,20180122,20180131,0.4833,0.5825,13.9639,9.1159,2.8915,1.2744,0.3808,0.2415,7.2838
38508,Heris-R1_L6P23,76,Heris,3,63,20180122,20180131,0.5619,0.4766,12.9997,7.1166,1.9709,0.8601,1.4167,0.1797,7.5511
38509,Indola-R1_L6P24,83,Indola,3,64,20180122,20180131,0.2379,0.4798,10.8247,8.4113,2.9618,1.0736,0.0755,0.0343,6.2316
38511,Pitcher-R1_L7P2,112,Pitcher,3,65,20180122,20180131,1.4497,1.5219,16.6143,6.9168,5.1167,0.8522,3.5517,0.5187,23.6742
38514,Static-R1_L7P5,136,Static,3,66,20180122,20180131,1.256,1.3415,12.8253,5.6252,4.6549,0.7882,2.7633,0.2694,18.1526
38515,Maris mink-R1_L7P6,97,Maris mink,3,67,20180122,20180131,0.2222,0.2415,12.9949,9.698,2.0465,1.1955,0.149,0.0221,4.8832
38516,Fairytale-R1_L7P7,56,Fairytale,3,68,20180122,20180131,0.2048,0.204,8.354,4.8676,1.1701,0.4098,0.3659,0.1919,3.8436
38517,Thrift-R1_L7P8,142,Thrift,3,69,20180122,20180131,0.678,0.7725,12.9654,5.2192,3.8214,0.8578,3.3973,0.6332,15.3935
38518,Tankard-R1_L7P9,138,Tankard,4,70,20180122,20180201,1.3047,1.8789,15.8837,9.4837,4.8424,1.4233,3.016,1.9291,23.508
38519,Derkado-R1_L7P10,51,Derkado,4,71,20180122,20180201,0.6197,0.7054,11.8882,7.2478,2.3396,0.7937,1.4404,0.2887,9.375
38520,Chariot-R1_L7P11,37,Chariot,4,72,20180122,20180201,0.4491,0.7551,10.7011,8.4294,2.8322,0.7517,0.7374,0.2438,8.3344
38431,Tartan-R1_L3P18,140,Tartan,4,73,20180122,20180201,1.149,1.4835,16.2367,6.3807,4.8509,1.1254,3.4085,1.124,20.6296
38432,Annabell-R1_L3P19,11,Annabell,4,74,20180122,20180201,0.9665,0.8136,14.2748,6.4224,3.9914,1.0572,2.9135,0.1923,17.2815
38433,Jacinta-R1_L3P20,85,Jacinta,4,75,20180122,20180201,0.5874,0.8874,12.4882,6.9299,2.8382,0.7403,1.3074,0.3852,9.9692
38434,Cocktail-R1_L3P21,43,Cocktail,4,76,20180122,20180201,0.4898,0.6124,12.4501,6.4802,3.1131,0.5985,1.5769,0.1566,13.0065
38435,Trinidad-R1_L3P22,145,Trinidad,4,77,20180122,20180201,0.3466,0.3418,12.2841,8.2989,2.5402,0.9543,0.177,0.0885,5.7475
38436,Klaxon-R1_L3P23,88,Klaxon,4,78,20180122,20180201,0.6105,0.6998,11.9394,7.8593,3.7115,0.9785,2.7836,0.5652,14.6521
38437,Aapo-R1_L3P24,1,Aapo,4,79,20180122,20180201,0.3487,0.5533,13.0448,7.7024,3.2422,1.1896,0.6695,0.3266,8.5287
38438,Sacha-R1_L3P25,127,Sacha,4,80,20180122,20180201,0.7248,0.9799,15.8349,6.9811,2.8327,1.0925,1.552,0.1198,9.9828
38439,Calico-R1_L4P2,28,Calico,4,81,20180122,20180201,1.5772,2.1049,17.2387,7.4835,4.172,2.4458,2.4868,1.1588,20.7254
38440,Harry-R1_L4P3,71,Harry,4,82,20180122,20180201,1.0319,1.4968,15.875,6.3916,4.1348,1.0461,3.1292,0.8545,22.4644
38441,Saana-R1_L4P4,126,Saana,4,83,20180122,20180201,0.2481,0.6013,8.9072,5.4079,2.543,1.1789,0.3227,0.2166,6.4395
38445,check 2-R2_L4P8,58,Fleet,4,84,20180122,20180201,0.5598,0.7958,10.7598,5.2813,2.7001,1.2052,1.4484,0.5231,11.1784
38443,Formula-R1_L4P6,59,Formula,4,85,20180122,20180201,1.0956,1.1649,14.7062,4.6689,2.3976,0.6579,1.4653,0.2018,9.4105
38446,Macaw-R1_L4P9,96,Macaw,4,86,20180122,20180201,0.7605,1.4037,15.1387,5.8851,2.8577,0.6514,2.6295,0.9332,19.0683
38447,Kristaps-R1_L4P10,89,Kristaps,4,87,20180122,20180201,0.2874,0.3537,13.4778,8.465,1.9582,1.723,1.3058,0.1572,7.2336
38449,Pewter-R1_L4P12,110,Pewter,4,88,20180122,20180201,0.7911,0.7593,12.8426,8.1878,3.0339,0.7808,0.6752,0.107,9.2501
38448,Forum-R1_L4P11,60,Forum,4,89,20180122,20180201,1.0611,1.3465,13.8729,6.2669,4.1464,0.9767,2.3237,0.3294,17.2473
38450,Lithium-R1_L4P13,93,Lithium,4,90,20180122,20180201,1.3726,1.8933,15.6129,6.4726,3.8874,0.8497,1.9354,0.9709,15.4869
38451,Riviera-R1_L4P14,123,Riviera,4,91,20180122,20180201,0.4776,0.6784,12.4713,7.4477,3.1198,0.9589,1.5524,0.4815,10.6394
38452,Alabama-R1_L4P15,6,Alabama,4,92,20180122,20180201,0.82,0.9725,12.3065,7.2288,2.6152,0.8021,1.8153,0.1261,9.7298
38453,Melitta-R1_L4P16,99,Melitta,5,93,20180123,20180202,0.7393,0.9337,12.5244,6.4925,3.7426,1.0813,2.55,0.9503,16.8004
38454,Acapella-R1_L4P17,2,Acapella,5,94,20180123,20180202,0.447,0.4534,9.8303,5.8322,2.2855,0.6459,0.474,0.0387,6.0135
38455,Nimbus-R1_L4P18,105,Nimbus,5,95,20180123,20180202,0.6884,1.05,12.3962,5.8027,3.5973,0.8205,1.4483,0.3558,11.5657
38456,Waggon-R1_L4P19,154,Waggon,5,96,20180123,20180202,0.8803,1.2792,14.4553,7.6319,3.6202,1.1079,3.1821,1.6048,19.8399
38457,Orbit-R1_L4P20,108,Orbit,5,97,20180123,20180202,0.2686,0.2475,10.7364,6.6093,2.0579,0.8092,0.1239,0.0191,4.4113
38458,Ruja-R1_L4P21,125,Ruja,5,98,20180123,20180202,0.5924,0.7352,16.1673,5.2157,3.2678,1.0612,2.687,0.3182,13.9287
38459,Celebra-R1_L4P22,35,Celebra,5,99,20180123,20180202,0.2415,0.3559,9.1399,6.1775,2.0466,0.5238,0.2168,0.0883,4.6946
38460,Heather-R1_L4P23,74,Heather,5,100,20180123,20180202,0.2549,0.3001,11.0689,7.6713,2.6736,1.1957,0.403,0.2749,6.4232
38461,Draught-R1_L4P24,52,Draught,5,101,20180123,20180202,0.2884,0.3609,10.4016,6.5021,1.8379,0.7116,0.7304,0.3235,5.6467
38462,Livet-R1_L4P25,94,Livet,5,102,20180123,20180202,0.5191,0.5392,12.894,7.2868,4.2231,0.8101,2.008,0.1021,12.7541
38463,Alis-R1_L5P2,7,Alis,5,103,20180123,20180202,0.7914,1.0305,13.0605,7.4158,2.7958,0.5104,1.1057,0.2195,9.424
38582,check 1-R4_L9P25,78,Hindmarsh,5,104,20180123,20180202,0.3825,0.3029,12.1634,6.6217,2.5616,0.8697,0.4602,0.0902,6.1924
38465,Paramount-R1_L5P4,109,Paramount,5,105,20180123,20180202,1.6557,2.2321,16.688,5.4567,4.3326,1.3283,3.4571,1.3392,21.6098
38466,Sebastian-R1_L5P5,131,Sebastian,5,106,20180123,20180202,0.8257,1.0641,16.2996,7.5639,3.8243,0.8168,3.0235,0.703,15.8274
38467,Horizon-R1_L5P6,80,Horizon,5,107,20180123,20180202,0.852,1.1011,12.3831,5.9222,3.6582,0.6581,2.3951,0.7443,15.4217
38468,Amourette-R1_L5P7,9,Amourette,5,108,20180123,20180202,0.5299,0.6951,14.775,4.0555,2.6784,1.0173,3.45,1.0115,13.9116
38469,Danuta-R1_L5P8,49,Danuta,5,109,20180123,20180202,0.5176,0.3293,9.7465,5.1279,1.7828,0.7911,0.6268,0.1098,5.1302
38470,Hart-R1_L5P9,72,Hart,5,110,20180123,20180202,0.615,0.9163,13.0663,7.6546,3.0258,0.5448,1.5457,0.1079,10.0218
38471,Croydon-R1_L5P10,47,Croydon,5,111,20180123,20180202,0.6668,0.7642,12.1389,5.4836,3.5394,0.7687,3.2754,0.6377,15.4596
38472,Host-R1_L5P11,81,Host,5,112,20180123,20180202,0.7756,0.7908,13.9796,6.0064,3.5612,0.6272,2.9544,0.3576,15.5029
38473,Chieftain-R1_L5P12,39,Chieftain,5,113,20180123,20180202,0.1257,0.1434,8.2393,5.8105,2.2839,0.7353,0.066,0.0382,4.5117
38474,Barke-R1_L5P13,20,Barke,5,114,20180123,20180202,0.3003,0.4917,8.8355,5.2995,1.858,0.6629,1.1158,0.215,6.9784
38475,Clarity-R1_L5P14,41,Clarity,5,115,20180123,20180202,0.171,0.2027,8.102,5.3063,1.1294,0.6729,0.3936,0.0414,3.2381
38476,Ardila-R1_L5P15,13,Ardila,6,116,20180123,20180206,0.2877,0.3065,9.8691,6.0986,3.154,0.8731,0.3345,0.0579,5.7401
38477,Atlas-R1_L5P16,17,Atlas,6,117,20180123,20180206,0.3284,0.5537,10.6727,6.5969,3.4481,1.3351,0.2474,0.2366,6.4482
38478,Gull-R1_L5P17,68,Gull,6,118,20180123,20180206,0.4569,0.4634,11.457,5.1754,3.6399,0.8558,1.9716,0.1509,9.823
38479,Golden promise-R1_L5P18,65,Golden promise,6,119,20180123,20180206,0.4382,0.4903,11.1552,5.3196,1.9478,0.6412,1.0158,0.0756,5.4199
38480,Felicie-R1_L5P19,57,Felicie,6,120,20180123,20180206,0.6185,1.0267,9.9625,4.4476,2.3182,0.6649,1.8593,0.7286,9.8882
38481,check 2-R3_L5P20,58,Fleet,6,121,20180123,20180206,0.3298,0.3909,8.8965,3.7418,1.4638,0.7584,0.4887,0.1391,3.6187
38482,Toby-R1_L5P21,143,Toby,6,122,20180123,20180206,0.3031,0.1697,10.181,5.0104,1.3463,0.2659,0.3244,0.0711,3.0427
38484,Alliot-R1_L5P23,8,Alliot,6,123,20180123,20180206,0.4418,0.4706,9.0473,4.7581,2.5698,0.5043,1.5654,0.1352,7.4932
38485,Saloon-R1_L5P24,128,Saloon,6,124,20180123,20180206,0.1935,0.2085,10.728,5.3301,2.4699,0.5807,0.1946,0.1573,4.688
38486,Athos-R1_L5P25,16,Athos,6,125,20180123,20180206,0.2711,0.2408,9.6139,5.776,2.1151,1.056,0.1225,0.0417,3.8116
38487,Cribbage-R1_L6P2,46,Cribbage,6,126,20180123,20180206,0.9715,0.9459,13.4702,7.1396,4.1277,0.8515,3.5026,0.8889,16.3161
38488,Rasa-R1_L6P3,122,Rasa,6,127,20180123,20180206,0.3095,0.2615,11.2423,4.8861,1.8912,0.7891,1.2404,0.0722,5.8852
38489,Widre-R1_L6P4,157,Widre,6,128,20180123,20180206,0.5446,0.7786,14.5642,8.6256,3.4897,0.721,1.1971,0.4768,8.734
38490,Granta-R1_L6P5,67,Granta,6,129,20180123,20180206,0.5739,0.7583,13.07,7.2737,2.02,0.683,1.3554,0.6319,6.5534
38491,Ursa-R1_L6P6,150,Ursa,6,130,20180123,20180206,0.2218,0.2202,10.753,6.6827,1.6,1.0135,0.7613,0.1375,4.3724
38492,Berac-R1_L6P7,22,Berac,6,131,20180123,20180206,0.5127,0.4426,10.3263,4.53,1.6173,0.9678,0.8319,0.111,4.4433
38493,Casino-R1_L6P8,32,Casino,6,132,20180123,20180206,0.9827,1.137,13.5978,3.0861,3.2477,0.7691,2.5422,0.1357,9.8787
38494,check 3-R3_L6P9,103,Mundah,6,133,20180123,20180206,0.3669,0.4848,10.6731,3.2936,2.0869,0.4742,1.3102,0.2496,6.0253
38495,Polygena-R1_L6P10,114,Polygena,6,134,20180123,20180206,0.4162,0.5245,10.4665,5.7288,2.2047,0.381,0.9968,0.3768,7.651
38496,Drum-R1_L6P11,53,Drum,6,135,20180123,20180206,0.2393,0.2938,10.2602,7.3716,2.2352,0.6881,0.1239,0.1027,4.1971
38497,Akita-R1_L6P12,5,Akita,6,136,20180123,20180206,0.2349,0.2159,7.7507,6.5093,1.0744,0.4708,0.0446,-0.0041,2.0027
38498,Delibes-R1_L6P13,50,Delibes,6,137,20180123,20180206,0.2265,0.2795,8.2396,5.6313,2.543,0.8715,0.1002,0.0405,4.3405
38499,Midas-R1_L6P14,100,Midas,6,138,20180123,20180206,0.5598,0.4982,12.0894,6.3323,2.2278,0.4488,1.2253,0.229,7.3835
38500,Berillyum-R1_L6P15,23,Berillyum,7,139,20180125,20180207,0.6361,0.945,14.688,5.7901,3.2891,0.5645,1.7966,1.1042,11.8635
38501,Athena-R1_L6P16,15,Athena,7,140,20180125,20180207,1.0085,0.7807,11.531,4.9091,4.6621,0.5541,2.8755,0.2839,13.9748
38502,Thistle-R1_L6P17,141,Thistle,7,141,20180125,20180207,0.2844,0.5095,10.44,5.7216,1.5441,0.5475,0.521,0.2297,4.0301
38503,Brazil-R1_L6P18,25,Brazil,7,142,20180125,20180207,0.2548,0.3365,10.182,6.1373,1.8755,0.5398,0.3811,0.2076,4.2175
38504,Weitor-R1_L6P19,155,Weitor,7,143,20180125,20180207,0.3701,0.5636,13.2396,6.4757,2.5401,1.2005,1.144,0.5614,7.2625
38505,Crusader-R1_L6P20,48,Crusader,7,144,20180125,20180207,0.8942,1.0157,12.6541,5.2565,3.3881,0.6167,1.0746,0.4334,9.0224
38521,Rainbow-R1_L7P12,120,Rainbow,7,145,20180125,20180207,0.3458,0.4482,10.5694,4.8721,2.1408,0.5743,1.0782,0.579,6.5376
38522,Skittle-R1_L7P13,134,Skittle,7,146,20180125,20180207,0.9397,0.9008,13.5305,5.1503,3.8495,0.7707,2.559,0.8749,13.9398
38523,Mikado-R1_L7P14,101,Mikado,7,147,20180125,20180207,0.2986,0.3593,9.437,6.0739,1.5626,0.4431,0.7749,0.2069,4.3814
38524,Colada-R1_L7P15,44,Colada,7,148,20180125,20180207,0.2964,0.3228,11.3843,5.4354,1.9161,0.5062,0.4927,0.1372,4.5474
38525,Rakaia-R1_L7P16,121,Rakaia,7,149,20180125,20180207,0.4035,0.4612,10.4981,4.871,2.4318,0.6259,1.1108,0.393,6.6398
38526,Tyne-R1_L7P17,149,Tyne,7,150,20180125,20180207,0.3838,0.4499,10.7443,6.6655,1.3577,0.5734,0.506,0.0524,3.7026
38527,Laird-R1_L7P18,90,Laird,7,151,20180125,20180207,0.1792,0.3702,11.6018,5.6767,2.1886,0.5401,0.9301,0.1989,5.5174
38528,Novello-R1_L7P19,106,Novello,7,152,20180125,20180207,0.3987,0.3109,9.9259,5.3967,2.3895,0.4017,0.6788,0.0997,5.7165
38529,Class-R1_L7P20,42,Class,7,153,20180125,20180207,0.4542,0.745,9.7449,4.3436,1.7576,0.678,1.2509,0.5539,7.4187
38531,Cooper-R1_L7P22,45,Cooper,7,154,20180125,20180207,0.2214,0.2761,10.2836,6.9872,2.5838,0.6236,0.2563,0.1023,4.8598
38532,Optic-R1_L7P23,107,Optic,7,155,20180125,20180207,0.2324,0.3353,11.0548,6.5921,2.306,0.498,0.107,0.0982,4.2118
38530,Piccolo-R1_L7P21,111,Piccolo,7,156,20180125,20180207,0.176,0.2031,7.0372,2.3113,1.023,0.5768,0.0103,-0.0025,6.1161
38533,Heron-R1_L7P24,77,Heron,7,157,20180125,20180207,0.3382,0.5108,10.5918,4.6348,2.8081,0.3596,0.633,0.1773,5.9245
38534,Isabella-R1_L7P25,84,Isabella,7,158,20180125,20180207,0.4642,0.4996,10.9305,4.7346,2.1264,0.3442,1.2366,0.3964,6.6499
38535,Ragtime-R2_L8P2,119,Ragtime,7,159,20180125,20180207,0.6681,0.7828,12.5671,6.3357,4.6481,1.0007,3.3299,0.7135,15.917
38536,Rainbow-R2_L8P3,120,Rainbow,7,160,20180125,20180207,0.1715,0.1032,10.0498,4.9646,2.8899,1.0806,0.0538,0.0023,4.7301
38537,Gant-R2_L8P4,63,Gant,7,161,20180125,20180207,0.4318,0.5634,12.0922,7.6162,2.1522,0.3069,0.5029,0.0784,4.7989
38710,Starlight-R3_L15P9,135,Starlight,8,162,20180129,20180208,0.9654,1.0574,11.5882,4.6664,3.571,0.6061,2.1787,0.359,11.9328
38539,Auriga-R2_L8P6,18,Auriga,8,163,20180129,20180208,0.8562,0.7712,13.9124,6.7425,4.323,0.6123,2.1316,0.3435,14.0579
38538,Melitta-R2_L8P5,99,Melitta,8,164,20180129,20180208,0.3299,0.5266,8.2093,5.8891,2.1158,0.5296,1.1743,0.3203,6.7613
38541,Tyne-R2_L8P8,149,Tyne,8,165,20180129,20180208,0.3098,0.412,11.6359,6.5266,1.6835,0.7358,0.038,-0.0063,3.0414
38540,Turnberry-R2_L8P7,148,Turnberry,8,166,20180129,20180208,0.3737,0.4361,12.1874,4.9072,2.5999,0.3561,1.2383,0.3869,6.9606
38542,Fairytale-R2_L8P9,56,Fairytale,8,167,20180129,20180208,0.2729,0.2664,10.5326,4.2847,1.0947,0.4955,0.2418,0.0736,2.6062
38543,Avec-R2_L8P10,19,Avec,8,168,20180129,20180208,0.403,0.6636,10.4864,5.2934,2.14,1.0607,1.1223,0.1246,6.1858
38544,Keops-R2_L8P11,87,Keops,8,169,20180129,20180208,0.2433,0.3066,11.0988,6.7662,2.2552,0.8652,0.2612,0.1271,4.364
38545,Extract-R2_L8P12,55,Extract,8,170,20180129,20180208,0.5533,0.3985,12.013,5.4668,1.8302,1.0834,0.5766,0.3452,4.8317
38546,Pewter-R2_L8P13,110,Pewter,8,171,20180129,20180208,0.8885,0.8906,10.7131,4.727,3.2749,0.5067,1.3095,0.0995,9.6093
38547,Widre-R2_L8P14,157,Widre,8,172,20180129,20180208,0.5497,0.7251,16.0755,5.2615,3.5351,0.4832,1.7077,0.7089,10.5144
38548,Simba-R2_L8P15,132,Simba,8,173,20180129,20180208,0.2978,0.2966,12.3961,7.2533,2.4639,0.6426,1.0755,0.5015,6.6259
38549,Formula-R2_L8P16,59,Formula,8,174,20180129,20180208,0.1708,0.2524,11.6531,4.7719,1.4112,0.1919,0.1625,0.043,2.8189
38550,Troon-R2_L8P17,146,Troon,8,175,20180129,20180208,0.3347,0.276,13.105,6.693,2.7487,0.7071,0.5402,0.2944,5.8546
38551,Pitcher-R2_L8P18,112,Pitcher,8,176,20180129,20180208,0.7344,1.0066,13.8817,6.421,3.2476,0.606,2.5351,0.546,12.1589
38552,Lina-R2_L8P19,91,Lina,8,177,20180129,20180208,0.6248,0.767,12.0351,4.3844,3.3846,0.5882,2.0292,0.1864,10.4212
38553,Paramount-R2_L8P20,109,Paramount,8,178,20180129,20180208,0.9901,1.094,12.7106,5.1359,3.31,0.6942,1.779,0.5826,11.1866
38554,Clarity-R2_L8P21,41,Clarity,8,179,20180129,20180208,0.4591,0.5819,9.1848,5.0511,1.7705,0.8453,1.4927,0.2026,6.4933
38555,Appaloosa-R2_L8P22,12,Appaloosa,8,180,20180129,20180208,0.3022,0.4634,9.1356,7.9906,1.8979,0.4757,0.9761,0.4109,5.4781
38556,Quench-R2_L8P23,118,Quench,8,181,20180129,20180208,0.7512,0.8484,13.942,6.593,3.1031,0.6096,1.6649,0.5045,9.2842
38557,Hopper-R2_L8P24,79,Hopper,8,182,20180129,20180208,0.5951,0.6681,8.6665,3.4216,1.9243,0.416,1.0349,0.1593,5.5146
38558,Akita-R2_L8P25,5,Akita,8,183,20180129,20180208,0.4965,0.5309,9.8923,6.5704,1.4296,0.7369,0.5542,0.0814,3.8815
38559,Cribbage-R2_L9P2,46,Cribbage,8,184,20180129,20180208,0.2832,0.3879,10.2644,5.4606,2.0471,0.5873,1.2634,0.4792,6.5783
38560,Midas-R2_L9P3,100,Midas,9,185,20180130,20180209,0.4968,0.5914,13.0304,5.4537,3.3098,0.546,1.9328,0.2282,10.5362
38561,Linden-R2_L9P4,92,Linden,9,186,20180130,20180209,0.6008,0.4855,13.2795,4.5547,2.4526,0.575,1.4866,0.0747,6.8957
38562,Host-R2_L9P5,81,Host,9,187,20180130,20180209,0.5576,0.5559,10.9998,4.425,2.538,0.4575,1.698,0.1624,7.6384
38563,Velvet-R2_L9P6,152,Velvet,9,188,20180130,20180209,0.5124,0.5237,15.0566,6.3961,4.0068,0.6924,3.8548,1.2887,15.3563
38564,Tankard-R2_L9P7,138,Tankard,9,189,20180130,20180209,0.6135,0.8844,11.9267,7.9624,3.3,0.8094,2.0422,1.35,13.0556
38566,Nimbus-R2_L9P9,105,Nimbus,9,190,20180130,20180209,0.2977,0.3638,10.8011,4.7382,2.5987,0.5967,1.0662,0.1645,7.0167
38567,Novello-R2_L9P10,106,Novello,9,191,20180130,20180209,0.3823,0.2367,11.4076,5.8752,1.7876,0.482,0.9054,0.0487,5.0263
38568,Jacinta-R2_L9P11,85,Jacinta,9,192,20180130,20180209,0.1626,0.146,7.2103,5.6484,1.5805,0.358,0.3158,0.1334,3.3957
38569,Annabell-R2_L9P12,11,Annabell,9,193,20180130,20180209,0.1846,0.1427,8.2993,5.3559,0.9826,0.3431,0.2962,0.0538,2.5955
38570,Starlight-R2_L9P13,135,Starlight,9,194,20180130,20180209,0.7683,0.6422,12.6415,4.4553,3.8534,0.5762,1.9123,0.2888,11.7092
38571,Piccolo-R2_L9P14,111,Piccolo,9,195,20180130,20180209,0.1876,0.0922,6.4205,2.2197,0.9719,0.6064,0.0111,0.0127,5.2414
38572,Crusader-R2_L9P15,48,Crusader,9,196,20180130,20180209,0.607,0.766,13.2627,5.321,3.6689,0.5569,2.401,1.0259,12.9238
38573,Anaconda-R2_L9P16,10,Anaconda,9,197,20180130,20180209,0.6071,0.5176,12.4101,5.2962,2.4936,0.5256,1.0127,0.0621,7.5286
38574,Livet-R2_L9P17,94,Livet,9,198,20180130,20180209,0.2774,0.2842,9.8331,5.061,1.9331,0.451,0.5262,0.0366,4.3387
38575,Static-R2_L9P18,136,Static,9,199,20180130,20180209,0.4279,0.3913,9.1913,5.9993,1.9332,0.4953,1.2309,0.2133,6.3902
38576,Tabora-R2_L9P19,137,Tabora,9,200,20180130,20180209,0.6483,0.5407,12.8446,5.2378,2.8877,0.623,1.91,0.2938,11.5647
38577,Viivi-R2_L9P20,153,Viivi,9,201,20180130,20180209,0.4437,0.4586,9.3699,5.3405,2.7299,0.5096,1.2728,0.2824,9.2051
38578,Croydon-R2_L9P21,47,Croydon,9,202,20180130,20180209,0.5398,0.4909,10.9513,6.3577,3.2325,0.652,2.7874,0.5539,11.3252
38579,check 3-R4_L9P22,103,Mundah,9,203,20180130,20180209,0.6729,0.5003,13.1597,5.9957,3.9674,0.6495,2.1442,0.552,11.6287
38580,Felicie-R2_L9P23,57,Felicie,9,204,20180130,20180209,0.4779,0.5688,9.9109,4.358,2.4819,0.5768,1.8236,0.3103,8.8022
38581,Quartet-R2_L9P24,117,Quartet,9,205,20180130,20180209,0.6486,0.5849,10.6315,4.4473,2.4069,0.8231,1.4256,0.3428,8.6463
38589,check 1-R5_L10P8,78,Hindmarsh,9,206,20180130,20180209,0.2237,0.2505,7.3959,6.1393,1.9703,0.4368,0.3316,0.0997,4.3037
38583,Ardila-R2_L10P2,13,Ardila,9,207,20180130,20180209,0.3137,0.2507,8.1219,6.8424,2.6999,0.4617,0.4418,0.0437,5.4617
38584,Ida-R2_L10P3,82,Ida,10,208,20180131,20180210,0.3609,0.6342,11.758,8.733,2.553,0.2705,0.6346,0.4557,6.4477
38585,Prisma-R2_L10P4,115,Prisma,10,209,20180131,20180210,0.2798,0.3553,10.3608,8.3844,1.7753,0.5714,0.3054,0.1824,3.9205
38586,Catalina-R2_L10P5,33,Catalina,10,210,20180131,20180210,0.2571,0.336,11.0533,5.0865,1.8286,0.3596,0.1429,0.0783,3.5537
38587,Weitor-R2_L10P6,155,Weitor,10,211,20180131,20180210,0.365,0.6142,12.3411,6.8006,2.7579,0.4441,0.9963,0.4831,7.0896
38588,Orbit-R2_L10P7,108,Orbit,10,212,20180131,20180210,0.079,0.0422,6.6411,5.3407,1.8017,0.2637,0.0154,0.0027,3.0074
38608,check 1-R6_L11P3,78,Hindmarsh,10,213,20180131,20180210,0.3247,0.4156,8.1488,5.863,1.9626,0.202,0.0418,0.025,3.486
38590,Heron-R2_L10P9,77,Heron,10,214,20180131,20180210,0.6387,1.3518,13.9783,5.9621,3.4331,0.1983,2.1939,0.5672,10.7533
38591,Granta-R2_L10P10,67,Granta,10,215,20180131,20180210,0.445,0.5307,13.6653,6.9355,2.7006,0.3146,0.9086,0.4916,6.787
38593,Class-R2_L10P12,42,Class,10,216,20180131,20180210,0.9381,1.4049,12.2456,4.165,2.2199,0.3884,0.828,0.3322,6.4735
38592,Vankkuri-R2_L10P11,151,Vankkuri,10,217,20180131,20180210,0.396,0.4344,11.6164,5.9237,2.6889,0.5086,1.5153,0.1517,7.4994
38594,Chime-R2_L10P13,40,Chime,10,218,20180131,20180210,1.2591,1.2668,13.7059,4.9504,3.496,0.4011,3.3064,0.3344,12.8301
38595,Heather-R2_L10P14,74,Heather,10,219,20180131,20180210,0.3361,0.4015,10.3445,5.6072,2.5828,0.473,2.0958,0.4096,8.6412
38597,Toby-R2_L10P16,143,Toby,10,220,20180131,20180210,0.6481,0.5409,11.2934,3.8805,2.0858,0.5789,1.7305,0.4107,7.7315
38600,Hana-R2_L10P19,70,Hana,10,221,20180131,20180210,0.3408,0.4354,9.0497,5.4508,2.0755,0.726,1.3888,0.2336,6.3521
38601,Amourette-R2_L10P20,9,Amourette,10,222,20180131,20180210,0.2139,0.2624,8.799,4.8186,1.4762,0.4816,0.4141,0.1425,3.5747
38602,Athena-R2_L10P21,15,Athena,10,223,20180131,20180210,0.209,0.2582,10.6158,6.0542,2.4007,0.4217,0.1932,0.1569,4.7912
38603,check 2-R4_L10P22,58,Fleet,10,224,20180131,20180210,0.2007,0.3357,11.4514,5.6527,2.5852,0.4598,0.3591,0.4439,5.8411
38604,Gull-R2_L10P23,68,Gull,10,225,20180131,20180210,0.4349,0.3608,9.5817,3.8793,2.4634,0.4868,1.2409,0.0942,7.0553
38605,Braemar-R2_L10P24,24,Braemar,10,226,20180131,20180210,0.2989,0.2604,9.7016,5.0637,1.6411,0.2973,0.3923,0.1736,4.0658
38607,Mikado-R2_L11P2,101,Mikado,10,227,20180131,20180210,0.3615,0.3683,9.9506,7.0375,1.7557,0.2572,0.5446,0.2463,4.4297
38609,Calico-R2_L11P4,28,Calico,10,228,20180131,20180210,0.8502,0.8156,14.1596,6.0993,3.3775,0.7221,1.8318,0.5164,10.1487
38712,check 1-R7_L15P11,78,Hindmarsh,10,229,20180131,20180210,0.6781,0.7491,11.5245,6.8821,2.8795,1.0614,1.5841,0.3691,8.0036
38610,Atlas-R2_L11P5,17,Atlas,10,230,20180131,20180210,0.2768,0.5244,10.4173,5.9693,2.4747,0.3374,0.2692,0.1562,4.929
38611,Waggon-R2_L11P6,154,Waggon,11,231,20180201,20180212,0.717,1.3481,15.8553,7.2876,2.9747,0.469,1.2294,0.6054,8.4313
38612,Horizon-R2_L11P7,80,Horizon,11,232,20180201,20180212,0.4254,0.4878,14.0287,9.5315,2.7505,0.6004,0.7725,0.3739,6.5247
38613,Chieftain-R2_L11P8,39,Chieftain,11,233,20180201,20180212,0.2245,0.2313,12.2613,7.4645,4.2235,1.4831,0.2385,0.1758,7.1606
38614,Danuta-R2_L11P9,49,Danuta,11,234,20180201,20180212,0.3493,0.2711,11.9017,8.6709,2.7504,0.7333,0.3236,0.1007,5.106
38615,Berac-R2_L11P10,22,Berac,11,235,20180201,20180212,0.4147,0.3696,10.8864,5.1898,1.5418,0.7261,0.5522,0.059,3.6531
38616,Skittle-R2_L11P11,134,Skittle,11,236,20180201,20180212,0.6991,0.846,13.2412,5.0213,2.4977,0.6497,2.3407,0.9348,10.669
38617,Cellar-R2_L11P12,36,Cellar,11,237,20180201,20180212,0.3428,0.4465,9.0809,4.6781,1.6533,0.5408,0.7284,0.1732,4.4619
38618,Wicket-R2_L11P13,156,Wicket,11,238,20180201,20180212,0.656,0.4175,11.8556,8.6574,2.2708,0.5429,0.4521,0.1304,4.6931
38620,Indola-R2_L11P15,83,Indola,11,239,20180201,20180212,0.4286,0.5223,14.7798,8.442,3.5154,1.5418,0.5367,0.1394,6.782
38621,Astoria-R2_L11P16,14,Astoria,11,240,20180201,20180212,0.1039,0.1248,8.0873,6.3399,2.4716,0.9198,0.1448,0.0476,4.1748
38622,Foxtrot-R2_L11P17,61,Foxtrot,11,241,20180201,20180212,0.1411,0.1678,6.1935,4.5711,1.0935,0.331,0.1478,0.0291,2.14
38623,Colada-R2_L11P18,44,Colada,11,242,20180201,20180212,0.37,0.3857,11.6772,6.9999,2.2107,0.6193,0.5136,0.1706,4.9252
38624,Minstrel-R2_L11P19,102,Minstrel,11,243,20180201,20180212,0.8448,1.0798,18.6763,8.4519,5.5941,1.2297,3.2685,0.5581,16.3567
38625,Alabama-R2_L11P20,6,Alabama,11,244,20180201,20180212,0.2806,0.2648,9.9853,6.8698,1.394,0.5431,0.3474,0.0217,2.9974
38626,Chariot-R2_L11P21,37,Chariot,11,245,20180201,20180212,0.7954,0.8619,12.0738,4.7227,3.2197,0.371,2.1181,0.4134,12.2736
38627,Derkado-R2_L11P22,51,Derkado,11,246,20180201,20180212,0.2079,0.2187,8.8333,5.8309,1.3187,0.6952,0.227,0.0483,2.7631
38628,Optic-R2_L11P23,107,Optic,11,247,20180201,20180212,0.9468,1.3586,18.6624,10.6569,4.9327,0.9379,3.1296,0.887,14.6027
38629,Jive-R2_L11P24,86,Jive,11,248,20180201,20180212,0.332,0.3101,7.9903,4.457,1.7546,0.4819,1.0678,0.2503,5.6362
38630,Thistle-R2_L11P25,141,Thistle,11,249,20180201,20180212,0.6922,0.8783,12.5602,6.0881,2.9795,0.4954,1.9891,0.2079,11.0159
38631,check 2-R5_L12P2,58,Fleet,11,250,20180201,20180212,0.4544,0.5499,11.2504,6.0433,2.1882,0.867,0.9182,0.3842,6.0083
38632,Cabaret-R2_L12P3,26,Cabaret,11,251,20180201,20180212,0.5877,0.5949,14.4752,5.263,2.5002,0.5777,0.9801,0.0703,6.2192
38633,Lithium-R2_L12P4,93,Lithium,11,252,20180201,20180212,0.6465,0.6953,12.4251,4.7133,1.9175,0.4508,0.4813,0.1469,4.411
38635,Poker-R2_L12P6,113,Poker,11,253,20180201,20180212,0.152,0.2222,10.9561,8.4575,2.3073,0.7456,0.1482,0.0858,4.1286
38636,Rakaia-R2_L12P7,121,Rakaia,12,254,20180201,20180213,0.309,0.2696,12.4414,6.0824,2.4053,0.7527,0.4257,0.1629,4.8368
38637,Cooper-R2_L12P8,45,Cooper,12,255,20180201,20180213,0.4759,0.4061,14.8184,5.6218,2.5857,0.6186,1.1898,0.0991,6.6025
38639,Heris-R2_L12P10,76,Heris,12,256,20180201,20180213,0.8328,0.6402,12.2016,6.9315,2.3045,0.6233,1.3231,0.1093,6.8891
38640,Isabella-R2_L12P11,84,Isabella,12,257,20180201,20180213,0.5218,0.6412,14.1775,6.5437,2.5041,0.5727,1.0136,0.2858,6.568
38641,Scarlett-R2_L12P12,130,Scarlett,12,258,20180201,20180213,0.3855,0.244,11.5311,5.5153,1.6101,0.8087,0.2287,0.1029,3.1806
38643,Thrift-R2_L12P14,142,Thrift,12,259,20180201,20180213,0.6715,0.639,12.5875,6.0286,3.3979,0.5813,2.4682,0.3066,11.2492
38642,Celebra-R2_L12P13,35,Celebra,12,260,20180201,20180213,0.3802,0.3763,12.8338,7.6755,2.8072,0.5977,0.4493,0.4065,6.2547
38644,Rasa-R2_L12P15,122,Rasa,12,261,20180201,20180213,0.4919,0.5526,17.3783,6.5309,3.9845,0.8134,3.234,0.1357,11.9722
38646,check 2-R6_L12P17,58,Fleet,12,262,20180201,20180213,0.3317,0.3991,11.148,5.8627,2.2618,0.6228,0.2351,0.0665,4.2216
38645,Berillyum-R2_L12P16,23,Berillyum,12,263,20180201,20180213,0.2217,0.2764,12.5888,5.8051,2.8404,0.5889,0.2513,0.1418,5.3151
38647,Acapella-R2_L12P18,2,Acapella,12,264,20180201,20180213,0.3736,0.2525,10.4645,5.2421,2.1722,0.8926,0.5544,0.0179,4.7839
38648,Baronesse-R2_L12P19,21,Baronesse,12,265,20180201,20180213,0.2948,0.2947,14.8278,7.0249,2.8749,0.9613,1.5442,0.6019,8.0465
38649,Adonis-R2_L12P20,3,Adonis,12,266,20180201,20180213,0.3138,0.2815,14.0449,8.8946,2.8075,0.5704,0.4276,0.1621,5.4674
38650,Aapo-R2_L12P21,1,Aapo,12,267,20180201,20180213,0.3882,0.5398,12.7942,8.3018,2.4903,0.7985,1.1264,0.3142,6.5627
38651,Hart-R2_L12P22,72,Hart,12,268,20180201,20180213,0.2366,0.2039,10.1036,7.3046,2.1001,0.434,0.5105,0.0359,4.4067
38652,Alliot-R2_L12P23,8,Alliot,12,269,20180201,20180213,0.3161,0.3914,12.0035,6.5411,1.8554,0.4883,1.2646,0.1926,6.0291
38653,Macaw-R2_L12P24,96,Macaw,12,270,20180201,20180213,0.6786,1.3838,18.32,6.2514,3.3118,0.4618,1.4183,0.61,9.7766
38655,Saloon-R2_L13P2,128,Saloon,12,271,20180201,20180213,0.6449,0.7955,14.9119,6.3484,3.6204,0.4346,1.88,0.3772,10.7708
38654,Laird-R2_L12P25,90,Laird,12,272,20180201,20180213,0.3904,0.5213,15.0123,5.3521,2.3192,0.5269,1.7561,0.2993,7.5192
38656,Delibes-R2_L13P3,50,Delibes,12,273,20180201,20180213,0.3054,0.2307,11.053,5.8324,2.136,0.6328,0.2072,0.0972,3.9222
38658,Charm-R2_L13P5,38,Charm,12,274,20180201,20180213,0.1355,0.2544,10.0385,6.5206,2.0754,0.7471,0.2515,0.0802,3.8574
38657,Ursa-R2_L13P4,150,Ursa,12,275,20180201,20180213,0.3135,0.3837,14.1143,7.5629,1.7585,0.6737,1.459,0.2185,5.8711
38659,Klaxon-R2_L13P6,88,Klaxon,12,276,20180201,20180213,0.2866,0.2537,10.897,5.7657,1.2261,0.4554,0.3543,0.0716,2.7216
38660,Sebastian-R2_L13P7,131,Sebastian,13,277,20180206,20180214,0.3387,0.5269,13.7438,8.2435,2.4293,0.8173,0.3321,0.1209,4.8574
38661,Brazil-R2_L13P8,25,Brazil,13,278,20180206,20180214,0.2201,0.3112,11.3937,5.8631,2.4653,0.6992,0.137,0.0847,4.4332
38662,Drum-R2_L13P9,53,Drum,13,279,20180206,20180214,0.2698,0.2846,13.2748,7.8156,2.5624,0.4753,0.5356,0.4054,5.7337
38663,Scandium-R2_L13P10,129,Scandium,13,280,20180206,20180214,0.79,1.6407,18.7073,11.8726,2.2736,0.3971,0.8192,0.0835,6.2769
38664,Elo-R2_L13P11,54,Elo,13,281,20180206,20180214,0.7416,0.7755,12.9103,6.939,2.8835,0.684,0.8402,0.2155,6.8986
38665,Tucson-R2_L13P12,147,Tucson,13,282,20180206,20180214,0.6464,1.5319,13.8564,4.0879,2.9855,0.5647,1.409,0.4445,8.1994
38666,Athos-R2_L13P13,16,Athos,13,283,20180206,20180214,0.2171,0.3053,9.7411,4.696,1.6453,0.8054,0.4144,0.0556,3.5119
38668,Barke-R2_L13P15,20,Barke,13,284,20180206,20180214,0.3256,0.4149,12.4017,6.7164,2.482,0.6702,1.1673,0.2541,6.4525
38667,Global-R2_L13P14,64,Global,13,285,20180206,20180214,0.6771,0.9319,13.077,7.2553,2.9698,0.6103,2.1963,0.4297,10.4005
38669,Alis-R2_L13P16,7,Alis,13,286,20180206,20180214,0.2169,0.2216,11.3337,7.836,1.9679,0.4549,0.2111,0.0485,3.6288
38670,Prosa-R2_L13P17,116,Prosa,13,287,20180206,20180214,0.4055,0.4323,13.0346,5.9731,2.806,0.7385,0.9871,0.1621,6.3822
38672,Hassan-R2_L13P19,73,Hassan,13,288,20180206,20180214,0.2647,0.3135,11.0513,5.3275,2.3466,0.5974,0.7257,0.2584,5.5034
38673,Sj christina-R2_L13P20,133,Sj christina,13,289,20180206,20180214,0.1897,0.2902,9.2546,7.7142,2.5107,0.5408,0.1369,0.1082,4.57
38674,Helmi-R2_L13P21,75,Helmi,13,290,20180206,20180214,0.0885,0.1109,7.2431,7.0572,1.7307,0.4404,0.0985,0.011,3.036
38675,Taphouse-R2_L13P22,139,Taphouse,13,291,20180206,20180214,0.2282,0.2973,9.6926,4.7952,1.5692,0.4424,0.5898,0.1065,4.0056
38676,Maypole-R2_L13P23,98,Maypole,13,292,20180206,20180214,0.3481,0.3004,12.6836,7.6635,2.5603,0.6209,0.2268,0.0914,4.6248
38677,Roxana-R2_L13P24,124,Roxana,13,293,20180206,20180214,0.4443,0.5231,10.0085,5.1046,1.6777,0.2986,0.5316,0.0324,4.0435
38678,Forum-R2_L13P25,60,Forum,13,294,20180206,20180214,1.0427,1.2091,11.868,4.2947,2.9105,0.5988,1.2949,0.1122,9.8317
38679,check 3-R5_L14P2,103,Mundah,13,295,20180206,20180214,0.4471,0.565,16.7673,6.8434,3.5931,0.7286,2.247,0.3889,10.1545
38680,Riviera-R2_L14P3,123,Riviera,13,296,20180206,20180214,0.913,1.3773,13.7648,5.5873,3.6719,0.914,2.2271,0.727,11.0323
38681,Neruda-R2_L14P4,104,Neruda,13,297,20180206,20180214,0.4261,0.4764,11.4664,5.1746,1.7284,0.3595,0.6787,0.1042,4.52
38682,Ruja-R2_L14P5,125,Ruja,13,298,20180206,20180214,0.2667,0.2339,13.5595,5.7677,2.5595,1.1912,0.9566,0.2085,6.2663
38683,Polygena-R2_L14P6,114,Polygena,13,299,20180206,20180214,0.3671,0.4079,14.277,7.4612,2.7872,0.3711,0.9586,0.1838,7.1852
38684,Harry-R2_L14P7,71,Harry,14,300,20180206,20180215,0.4496,0.4482,15.6107,7.7462,3.2761,0.3967,0.7377,0.1632,7.2268
38685,Macarena-R2_L14P8,95,Macarena,14,301,20180206,20180215,0.3693,0.4363,11.5407,4.344,2.0768,0.4567,1.3074,0.0982,5.6901
38686,Cocktail-R2_L14P9,43,Cocktail,14,302,20180206,20180215,0.5673,0.8251,12.2837,4.9288,2.4501,0.3998,1.3091,0.1011,6.9695
38690,Sacha-R2_L14P13,127,Sacha,14,303,20180206,20180215,0.415,0.6118,12.9704,6.5924,1.6579,0.6014,1.5167,0.1418,6.3336
38691,Kristaps-R2_L14P14,89,Kristaps,14,304,20180206,20180215,0.4377,0.4721,10.7658,5.2931,1.6624,0.7837,1.7397,0.1641,6.2239
38693,Toucan-R2_L14P16,144,Toucan,14,305,20180206,20180215,0.1184,0.1928,8.6511,4.3035,2.404,0.5829,0.097,0.0558,4.1194
38694,Campala-R2_L14P17,31,Campala,14,306,20180206,20180215,0.2024,0.276,10.0084,4.0985,1.9585,0.5773,0.3448,0.1267,3.9942
38695,Casino-R2_L14P18,32,Casino,14,307,20180206,20180215,0.531,0.6672,12.0657,4.4445,1.9754,0.4235,1.4741,0.0972,6.1337
38687,Cecilia-R2_L14P10,34,Cecilia,14,308,20180206,20180215,0.5928,0.7038,11.7927,5.2412,3.1606,0.5493,1.5681,0.177,8.5391
38688,Franklin-R2_L14P11,62,Franklin,14,309,20180206,20180215,1.1747,1.4917,13.0689,4.3425,3.5422,0.5354,1.8832,0.1626,13.392
38689,Golden promise-R2_L14P12,65,Golden promise,14,310,20180206,20180215,0.1846,0.1499,9.2763,6.2808,1.869,0.5789,0.0698,0.0057,3.2198
38696,check 3-R6_L14P19,103,Mundah,14,311,20180206,20180215,0.4983,0.6735,12.9884,5.6921,2.6233,0.9453,0.8489,0.144,5.921
38697,Cambrinus-R2_L14P20,29,Cambrinus,14,312,20180206,20180215,0.6308,0.5535,13.584,5.2621,3.4849,0.9851,1.8759,0.4554,9.5717
38698,Camir-R2_L14P21,30,Camir,14,313,20180206,20180215,0.5325,0.7792,10.8181,6.0476,2.198,0.4865,1.1229,0.5037,6.3584
38699,Wren-R2_L14P22,158,Wren,14,314,20180206,20180215,0.1769,0.2202,6.8546,4.2343,1.4808,0.2936,0.1573,0.0231,2.6801
38700,Maris mink-R2_L14P23,97,Maris mink,14,315,20180206,20180215,0.1988,0.3531,9.7349,6.6411,0.9369,0.4279,0.2169,0.0157,2.13
38701,Trinidad-R2_L14P24,145,Trinidad,14,316,20180206,20180215,0.2897,0.4384,10.928,5.6764,2.556,0.7757,0.8608,0.1831,5.678
38702,Gundel-R2_L14P25,69,Gundel,14,317,20180206,20180215,0.715,0.8462,10.4132,6.1327,2.8528,0.625,1.7142,0.1915,8.5943
38703,check 3-R7_L15P2,103,Mundah,14,318,20180206,20180215,0.232,0.314,11.7863,5.1583,2.3435,0.6948,0.6828,0.1356,5.0086
38704,Aapo-R3_L15P3,1,Aapo,14,319,20180206,20180215,0.2386,0.3389,10.4094,7.4154,2.1014,0.7869,0.6185,0.093,4.7771
38705,Calgary-R3_L15P4,27,Calgary,14,320,20180206,20180215,0.4674,0.7512,10.4931,5.1887,1.7022,0.4663,0.3889,0.1483,3.7273
38706,Riviera-R3_L15P5,123,Riviera,14,321,20180206,20180215,1.0288,1.2665,12.4797,4.5206,3.7771,0.6107,2.4895,0.3652,11.4746
38707,Viivi-R3_L15P6,153,Viivi,14,322,20180206,20180215,0.1874,0.2341,9.4028,7.0224,2.2804,0.7197,0.2095,0.1816,4.2272
38708,Weitor-R3_L15P7,155,Weitor,15,323,20180213,20180216,0.4362,0.5476,12.5177,6.7191,2.7547,0.8026,0.5756,0.2862,6.1189
38709,check 2-R7_L15P8,58,Fleet,15,324,20180213,20180216,0.4143,0.6072,14.0517,7.4702,2.8762,0.9914,0.4925,0.2106,5.979
38770,check 1-R9_L17P21,78,Hindmarsh,15,325,20180213,20180216,0.3804,0.5838,11.0912,8.6829,2.2763,0.6845,0.7164,0.1087,5.4841
38739,Agenda-R3_L16P14,4,Agenda,15,326,20180213,20180216,0.6935,1.309,15.3457,6.7392,3.868,0.6221,1.6742,0.2703,9.5235
38842,Draught-R3_L20P21,52,Draught,15,327,20180213,20180216,0.7495,0.8596,12.8461,6.7216,3.3861,0.7464,2.6691,0.3723,12.9468
38804,Goldie-R3_L19P7,66,Goldie,15,328,20180213,20180216,0.4265,0.691,12.868,9.2338,2.5442,0.7829,0.5307,0.4358,6.2943
38782,Tartan-R3_L18P9,140,Tartan,15,329,20180213,20180216,0.5,0.5917,12.9809,3.9288,2.5273,0.5171,1.823,0.4273,8.6689
38866,Turnberry-R3_L21P21,148,Turnberry,15,330,20180213,20180216,0.4066,0.5293,12.5833,6.9177,2.5917,0.4554,0.9605,0.327,6.6383
38771,Akita-R3_L17P22,5,Akita,15,331,20180213,20180216,0.4,0.4543,12.5506,8.6615,1.4869,0.472,0.2542,0.0273,3.3631
38754,Amourette-R3_L17P5,9,Amourette,15,332,20180213,20180216,0.4272,0.5266,11.0703,4.816,1.7898,0.5484,1.1662,0.1992,5.4539
38822,Anaconda-R3_L19P25,10,Anaconda,15,333,20180213,20180216,0.5459,0.4741,12.017,7.4701,2.4865,1.2963,0.9482,0.0434,6.4352
38762,Annabell-R3_L17P13,11,Annabell,15,334,20180213,20180216,0.3245,0.3328,11.4438,8.1782,1.553,0.6021,0.8925,0.0684,5.0687
38774,Ardila-R3_L17P25,13,Ardila,15,335,20180213,20180216,0.3731,0.4518,11.6608,7.6233,3.2374,0.94,0.5902,0.0915,6.5841
38741,Athena-R3_L16P16,15,Athena,15,336,20180213,20180216,0.2797,0.3584,11.9379,6.7631,2.2835,0.6602,0.8328,0.2706,6.1197
38833,Auriga-R3_L20P12,18,Auriga,15,337,20180213,20180216,0.3971,0.4198,11.3598,4.8825,2.4465,0.4717,1.1909,0.3975,8.0617
38800,Avec-R3_L19P3,19,Avec,15,338,20180213,20180216,0.2978,0.551,10.1044,7.5119,2.1191,1.1571,0.8113,0.1234,5.4347
38711,Braemar-R3_L15P10,24,Braemar,15,339,20180213,20180216,0.1889,0.2358,11.3489,7.7107,1.8691,0.5715,0.4218,0.1785,4.4106
38778,Calico-R3_L18P5,28,Calico,15,340,20180213,20180216,0.9264,1.0029,14.4357,6.3039,3.6383,0.9287,1.9023,0.2565,10.8856
38752,Catalina-R3_L17P3,33,Catalina,15,341,20180213,20180216,0.5681,0.6249,13.0176,5.5058,2.1934,0.7972,1.1821,0.2743,6.6562
38847,Chime-R3_L21P2,40,Chime,15,342,20180213,20180216,0.6645,0.6494,12.134,6.4681,2.5861,0.4773,1.5968,0.129,7.9768
38749,Clarity-R3_L16P24,41,Clarity,15,343,20180213,20180216,0.5257,0.6511,12.8085,6.0664,2.2925,0.9449,1.4534,0.1067,6.7021
38726,Class-R3_L15P25,42,Class,15,344,20180213,20180216,0.6007,1.1695,11.5889,6.1497,2.6714,0.5296,1.16,0.3004,7.359
38733,Cribbage-R3_L16P8,46,Cribbage,15,345,20180213,20180216,0.3551,0.419,11.6107,5.7943,1.905,0.3899,0.417,0.1014,4.2519
38869,Croydon-R3_L21P24,47,Croydon,16,346,20180214,20180217,0.7605,0.7671,13.1957,6.9299,3.3303,0.6209,3.0802,0.5591,12.7833
38846,Crusader-R3_L20P25,48,Crusader,16,347,20180214,20180217,0.46,0.559,10.5063,5.2834,2.418,0.4762,0.7429,0.1835,5.948
38795,Extract-R3_L18P22,55,Extract,16,348,20180214,20180217,0.6225,0.7092,13.4533,5.6527,2.3878,0.6837,1.1297,0.3013,6.4817
38845,Fairytale-R3_L20P24,56,Fairytale,16,349,20180214,20180217,0.3478,0.2924,10.6571,5.6015,1.3924,0.6511,0.5955,0.0686,4.2805
38761,Felicie-R3_L17P12,57,Felicie,16,350,20180214,20180217,0.3723,0.5032,9.6924,5.2902,2.2315,0.6798,1.8141,0.3426,7.8831
38856,Formula-R3_L21P11,59,Formula,16,351,20180214,20180217,0.3758,0.5329,10.1275,6.9949,2.0096,0.602,0.4285,0.0675,4.2655
38719,Gant-R3_L15P18,63,Gant,16,352,20180214,20180217,0.3179,0.3815,8.8377,5.0299,1.2732,0.438,0.1461,0.0287,2.5635
38854,Granta-R3_L21P9,67,Granta,16,353,20180214,20180217,0.3742,0.3795,10.6339,6.0886,1.6612,0.3175,0.9627,0.2168,4.9094
38723,Gull-R3_L15P22,68,Gull,16,354,20180214,20180217,0.169,0.1941,12.3683,7.8364,2.5367,0.4173,0.75,0.1333,5.6936
38793,Hana-R3_L18P20,70,Hana,16,355,20180214,20180217,0.2236,0.2488,5.5576,2.1757,1.298,0.2552,0.6799,0.07,3.573
38802,Heather-R3_L19P5,74,Heather,16,356,20180214,20180217,0.3221,0.3858,9.1774,4.6958,2.3159,0.49,1.7843,0.2506,7.3942
38737,Heron-R3_L16P12,77,Heron,16,357,20180214,20180217,0.339,0.3173,12.2663,7.107,3.6602,0.7818,0.5015,0.174,6.903
38464,check 1-R3_L5P3,78,Hindmarsh,16,358,20180214,20180217,0.1908,0.2201,7.0344,6.1266,1.5701,0.3773,0.0889,0.0141,2.8465
38780,Hopper-R3_L18P7,79,Hopper,16,359,20180214,20180217,0.3164,0.3108,9.164,4.4614,1.3207,0.5442,0.4705,0.1019,3.1756
38824,Host-R3_L20P3,81,Host,16,360,20180214,20180217,0.1547,0.2067,7.5954,5.8255,1.2096,0.4288,0.1878,0.0394,2.5706
38764,Ida-R3_L17P15,82,Ida,16,361,20180214,20180217,0.2728,0.3486,10.23,6.6701,2.104,0.6589,0.5379,0.2918,5.0995
38728,Jacinta-R3_L16P3,85,Jacinta,16,362,20180214,20180217,0.315,0.4737,7.7732,5.3803,1.6224,0.4393,0.4844,0.1434,3.8304
38851,Keops-R3_L21P6,87,Keops,16,363,20180214,20180217,0.2827,0.2816,8.3113,6.3277,1.8813,0.5655,0.2828,0.1067,3.7713
38768,Lina-R3_L17P19,91,Lina,16,364,20180214,20180217,0.1918,0.2635,10.2808,4.3324,2.3307,0.3858,0.9927,0.1536,5.8496
38808,Linden-R3_L19P11,92,Linden,16,365,20180214,20180217,1.3967,1.5337,13.7031,5.3645,4.991,0.5766,2.8591,0.148,15.0417
38727,Livet-R3_L16P2,94,Livet,16,366,20180214,20180217,0.2943,0.4206,8.5334,3.4873,1.536,0.2418,0.2858,0.02,3.2361
38832,Melitta-R3_L20P11,99,Melitta,16,367,20180214,20180217,0.367,0.6116,9.2121,3.6537,1.7593,0.2828,0.8157,0.2068,5.384
38809,Midas-R3_L19P12,100,Midas,16,368,20180214,20180217,0.4315,0.4589,8.9997,4.685,3.1532,0.5286,2.1933,0.2405,9.5457
38740,Mikado-R3_L16P15,101,Mikado,17,369,20180214,20180219,0.3846,0.4138,10.6869,6.556,1.7709,0.4924,0.4223,0.241,5.0342
38796,Nimbus-R3_L18P23,105,Nimbus,17,370,20180214,20180219,0.2015,0.3794,9.2444,6.4986,2.5273,0.7666,0.2507,0.0888,6.0039
38779,Novello-R3_L18P6,106,Novello,17,371,20180214,20180219,0.7915,0.8157,14.3394,5.643,3.3145,1.0453,1.391,0.0801,10.867
38785,Orbit-R3_L18P12,108,Orbit,17,372,20180214,20180219,0.1353,0.1968,8.2467,5.898,1.5358,0.7838,0.0176,-0.0004,3.2462
38867,Paramount-R3_L21P22,109,Paramount,17,373,20180214,20180219,0.9301,2.5643,14.5314,4.6885,2.8931,0.6239,1.7162,0.6951,15.681
38825,Pewter-R3_L20P4,110,Pewter,17,374,20180214,20180219,0.7375,0.513,13.1789,4.5253,2.4366,1.2622,1.2133,0.0918,8.612
38815,Piccolo-R3_L19P18,111,Piccolo,17,375,20180214,20180219,0.1458,0.1024,8.7767,2.8715,1.1545,0.7442,0.0112,0.0077,8.0248
38830,Pitcher-R3_L20P9,112,Pitcher,17,376,20180214,20180219,0.7491,0.9563,15.6963,9.8728,2.8378,0.8507,1.5974,0.5828,11.184
38858,Prisma-R3_L21P13,115,Prisma,17,377,20180214,20180219,0.3035,0.3655,8.0081,8.2278,0.9135,0.7347,0.2221,0.0462,2.9152
38786,Quartet-R3_L18P13,117,Quartet,17,378,20180214,20180219,1.6353,1.7765,17.4278,5.9846,4.5218,0.8181,2.3967,0.3309,20.9476
38826,Quench-R3_L20P5,118,Quench,17,379,20180214,20180219,0.2302,0.4141,10.4251,7.2964,1.8557,0.8736,0.2648,0.1795,4.9584
38722,Ragtime-R3_L15P21,119,Ragtime,17,380,20180214,20180219,0.7589,0.8364,15.0048,7.5355,3.8942,1.0569,1.8116,0.3001,13.6142
38716,Rainbow-R3_L15P15,120,Rainbow,17,381,20180214,20180219,0.4783,0.7314,12.3039,5.1804,2.3356,0.5631,1.1666,0.5787,8.6074
38743,Simba-R3_L16P18,132,Simba,17,382,20180214,20180219,0.3511,0.3889,9.9901,6.1716,1.52,0.3722,0.1727,0.0634,3.7386
38820,Static-R3_L19P23,136,Static,17,383,20180214,20180219,0.5134,0.5625,11.5594,5.8705,2.6361,0.6609,1.5204,0.1884,9.6758
38841,Tabora-R3_L20P20,137,Tabora,17,384,20180214,20180219,0.2592,0.3232,7.6098,3.7923,1.2575,0.7892,0.7993,0.2552,5.2648
38742,Toby-R3_L16P17,143,Toby,17,385,20180214,20180219,0.4782,0.4553,11.0299,3.7038,1.2344,0.4863,0.7762,0.2533,5.1563
38736,Troon-R3_L16P11,146,Troon,17,386,20180214,20180219,0.7325,0.9407,13.3289,6.7027,2.3994,0.6102,1.1078,0.2811,8.1567
38721,Tyne-R3_L15P20,149,Tyne,17,387,20180214,20180219,0.3526,0.5365,12.3768,7.302,1.6254,0.6918,0.3045,0.0441,4.2946
38724,Vankkuri-R3_L15P23,151,Vankkuri,17,388,20180214,20180219,0.3911,0.6133,11.7583,6.5405,2.0389,0.6034,0.4534,0.0727,5.3444
38863,Velvet-R3_L21P18,152,Velvet,17,389,20180214,20180219,1.207,1.3957,15.7383,5.8248,4.1795,0.6484,1.9554,0.4468,16.5502
38731,Widre-R3_L16P6,157,Widre,17,390,20180214,20180219,0.4315,0.4826,11.4493,7.151,2.5718,0.7336,0.6203,0.223,7.1391
38367,Tucson-R1_L1P2,147,Tucson,17,391,20180214,20180219,0.7591,0.9385,11.5804,7.1915,2.5082,1.1323,0.4549,0.4934,7.4516
38713,Roxana-R3_L15P12,124,Roxana,18,392,20180215,20180219,0.6395,0.6358,11.1938,5.3315,2.1594,0.5958,1.2319,0.2072,7.6654
38715,Cecilia-R3_L15P14,34,Cecilia,18,393,20180215,20180219,0.3389,0.456,12.6302,7.4344,2.0798,0.6899,0.6501,0.2,6.0725
38720,Cooper-R3_L15P19,45,Cooper,18,394,20180215,20180219,0.4478,0.5445,12.0891,5.7097,1.9833,0.5593,0.4337,0.0674,5.1657
38725,Celebra-R3_L15P24,35,Celebra,18,395,20180215,20180219,0.6021,0.6196,13.5294,6.1561,3.5664,0.9255,0.8448,0.3637,10.268
38729,Scandium-R3_L16P4,129,Scandium,18,396,20180215,20180219,0.5556,0.5568,12.8777,7.0453,1.9928,0.6419,1.0534,0.1312,7.233
38730,Lithium-R3_L16P5,93,Lithium,18,397,20180215,20180219,0.8149,0.9968,11.7435,4.6171,2.7425,0.6013,1.253,0.6045,9.7043
38732,Astoria-R3_L16P7,14,Astoria,18,398,20180215,20180219,0.4448,0.6379,12.2325,4.5435,2.8257,0.546,1.2886,0.2413,9.6959
38734,Rakaia-R3_L16P9,121,Rakaia,18,399,20180215,20180219,0.3971,0.4585,12.8563,5.5648,2.5445,0.772,0.747,0.4726,7.682
38735,Skittle-R3_L16P10,134,Skittle,18,400,20180215,20180219,0.5296,0.471,12.2376,5.5817,2.0793,0.6683,0.9874,0.2922,7.4958
38745,Casino-R3_L16P20,32,Casino,18,401,20180215,20180219,0.7558,0.979,12.6022,4.9373,2.3901,0.6228,1.9138,0.2049,9.5922
38746,Adonis-R3_L16P21,3,Adonis,18,402,20180215,20180219,0.4213,0.436,10.7274,5.777,2.348,0.5979,0.7376,0.1578,7.297
38747,Chieftain-R3_L16P22,39,Chieftain,18,403,20180215,20180219,0.5071,0.5363,11.6569,7.6321,2.8738,1.7005,0.2818,0.3237,7.1423
38756,Minstrel-R3_L17P7,102,Minstrel,18,404,20180215,20180219,0.3017,0.338,9.8639,3.6312,1.8075,0.5822,0.6416,0.2171,5.8017
38748,Prosa-R3_L16P23,116,Prosa,18,405,20180215,20180219,0.1862,0.2032,8.9511,6.167,2.3695,0.7064,0.0907,0.0498,4.9351
38750,Athos-R3_L16P25,16,Athos,18,406,20180215,20180219,0.2423,0.2233,8.7255,5.7973,1.5564,0.8376,0.2181,0.0905,3.8095
38751,Waggon-R3_L17P2,154,Waggon,18,407,20180215,20180219,1.2223,1.4458,14.706,6.1326,3.7117,0.7401,2.6756,1.1864,16.6975
38753,Horizon-R3_L17P4,80,Horizon,18,408,20180215,20180219,0.7138,1.046,12.8197,5.1366,2.8724,0.5824,2.027,0.8621,12.7147
38755,Thrift-R3_L17P6,142,Thrift,18,409,20180215,20180219,0.939,0.9918,15.4213,5.941,2.9661,0.7139,2.1741,0.4265,11.9802
38759,Berillyum-R3_L17P10,23,Berillyum,18,410,20180215,20180219,0.388,0.4963,11.3181,4.3918,2.4518,0.6489,1.224,0.7333,8.9653
38760,Laird-R3_L17P11,90,Laird,18,411,20180215,20180219,0.3424,0.4954,15.0644,7.5054,3.2176,0.8927,1.0784,0.4153,9.167
38763,Taphouse-R3_L17P14,139,Taphouse,18,412,20180215,20180219,0.7417,0.6932,14.6248,5.6304,3.1727,0.668,1.4328,0.3988,10.6951
38765,Cabaret-R3_L17P16,26,Cabaret,18,413,20180215,20180219,0.3834,0.3299,9.4693,3.7421,1.6056,0.6409,0.2511,0.0156,4.088
38766,Macarena-R3_L17P17,95,Macarena,18,414,20180215,20180219,0.5451,0.6741,13.1075,4.4891,2.127,1.264,1.8773,0.25,9.7412
38767,Campala-R3_L17P18,31,Campala,19,415,20180215,20180221,0.3563,0.3738,10.211,5.2751,1.6337,0.8718,0.4941,0.1381,4.798
38769,Baronesse-R3_L17P20,21,Baronesse,19,416,20180215,20180221,1.4381,1.5752,17.3422,6.3701,5.7172,0.7531,4.1383,0.6001,24.6123
38772,Cambrinus-R3_L17P23,29,Cambrinus,19,417,20180215,20180221,0.1928,0.2555,8.6138,5.0809,1.9676,0.8039,0.3498,0.2318,5.0689
38773,Golden promise-R3_L17P24,65,Golden promise,19,418,20180215,20180221,0.2729,0.24,11.953,8.0264,2.5672,1.0067,0.1824,0.0209,5.5858
38775,Tucson-R3_L18P2,147,Tucson,19,419,20180215,20180221,1.6196,1.7753,18.3749,7.6151,4.0276,0.7317,1.9932,1.0806,16.1112
38776,Acapella-R3_L18P3,2,Acapella,19,420,20180215,20180221,0.8757,0.6781,14.5852,6.8761,2.6745,0.7574,0.7182,0.106,7.8122
38777,Global-R3_L18P4,64,Global,19,421,20180215,20180221,0.5748,0.7411,10.1257,4.7464,1.8382,0.5882,0.8228,0.3159,6.6883
38781,Toucan-R3_L18P8,144,Toucan,19,422,20180215,20180221,0.5897,0.5541,12.2246,3.902,2.8206,0.7474,0.9646,0.2425,8.7053
38783,Sj christina-R3_L18P10,133,Sj christina,19,423,20180215,20180221,0.4446,0.5826,14.7427,7.3693,2.342,0.7157,1.0356,0.6335,8.3109
38784,Barke-R3_L18P11,20,Barke,19,424,20180215,20180221,0.311,0.5378,11.656,7.1559,2.1364,0.7567,0.7324,0.2748,6.5214
38788,Jive-R3_L18P15,86,Jive,19,425,20180215,20180221,0.2894,0.3749,10.3613,7.3957,2.4438,1.1825,0.9805,0.6176,8.1227
38787,Forum-R3_L18P14,60,Forum,19,426,20180215,20180221,0.4367,0.5235,11.7802,6.9114,3.0024,0.6489,1.3366,0.2342,9.9789
38790,Klaxon-R3_L18P17,88,Klaxon,19,427,20180215,20180221,0.9721,1.7478,12.5978,7.0196,2.5302,0.7182,0.5197,0.2063,7.4003
38789,Cocktail-R3_L18P16,43,Cocktail,19,428,20180215,20180221,0.4834,0.4566,11.2568,8.3615,2.2374,1.091,0.1812,0.0283,5.1398
38792,Neruda-R3_L18P19,104,Neruda,19,429,20180215,20180221,0.3789,0.4088,13.2985,8.3706,3.2957,1.3036,0.6135,0.1379,8.3072
38791,Hassan-R3_L18P18,73,Hassan,19,430,20180215,20180221,1.2178,1.2138,18.6861,8.0588,5.3649,1.257,3.301,0.4477,19.1072
38794,Charm-R3_L18P21,38,Charm,19,431,20180215,20180221,0.4177,0.4614,12.6379,7.1466,2.2287,0.8304,0.9143,0.2242,6.9146
38798,Ursa-R3_L18P25,150,Ursa,19,432,20180215,20180221,0.4217,0.3925,13.4636,8.3213,1.6651,0.7336,0.7014,0.2023,5.7909
38799,Scarlett-R3_L19P2,130,Scarlett,19,433,20180215,20180221,0.7728,0.653,14.1035,7.0493,2.2991,0.8827,1.2796,0.3814,8.0447
38797,Camir-R3_L18P24,30,Camir,19,434,20180215,20180221,0.6497,0.849,14.2736,8.3419,2.7244,0.8681,1.1653,0.349,9.0061
38801,check 2-R8_L19P4,58,Fleet,19,435,20180215,20180221,0.3166,0.3855,8.8727,5.3883,1.6214,0.7685,0.4655,0.149,4.6603
38803,check 3-R8_L19P6,103,Mundah,19,436,20180215,20180221,0.498,0.4257,14.3209,6.6808,2.7319,0.6976,0.6224,0.1909,7.3215
38805,Appaloosa-R3_L19P8,12,Appaloosa,19,437,20180215,20180221,0.2117,0.3169,6.8145,6.9602,1.7282,0.7197,0.4011,0.1613,4.7575
38806,Ruja-R3_L19P9,125,Ruja,20,438,20180219,20180222,0.1919,0.2412,8.4311,6.3604,1.5164,0.6395,0.552,0.1647,4.6138
38807,Hart-R3_L19P10,72,Hart,20,439,20180219,20180222,0.2851,0.2187,8.8996,7.846,2.0284,0.6603,0.2248,0.046,4.6836
38810,Macaw-R3_L19P13,96,Macaw,20,440,20180219,20180222,0.5785,0.6852,11.6222,6.7677,2.5532,0.7091,1.0466,0.5281,10.0447
38811,Gundel-R3_L19P14,69,Gundel,20,441,20180219,20180222,0.2918,0.3563,9.5728,6.1921,1.8288,0.4842,0.7084,0.1671,5.9164
38812,Thistle-R3_L19P15,141,Thistle,20,442,20180219,20180222,0.3362,0.3611,11.3825,5.9555,1.5799,0.9688,0.5278,0.1922,4.8229
38813,Franklin-R3_L19P16,62,Franklin,20,443,20180219,20180222,0.3605,0.3357,12.0312,4.2841,2.4543,0.7708,1.3857,0.212,8.5413
38816,Brazil-R3_L19P19,25,Brazil,20,444,20180219,20180222,0.1994,0.364,9.9109,6.3833,2.4057,0.965,0.1511,0.1077,5.4109
38817,Atlas-R3_L19P20,17,Atlas,20,445,20180219,20180222,0.4246,0.5786,11.5453,7.8331,2.4449,0.6006,0.7496,0.3343,7.7202
38819,Derkado-R3_L19P22,51,Derkado,20,446,20180219,20180222,0.7835,0.9057,12.3574,6.8726,3.0311,1.0984,1.8233,0.631,12.3365
38818,Sebastian-R3_L19P21,131,Sebastian,20,447,20180219,20180222,0.5898,0.8043,12.9607,6.5049,2.1294,0.4351,1.1128,0.2597,7.8167
38821,Polygena-R3_L19P24,114,Polygena,20,448,20180219,20180222,0.9776,1.0452,14.8425,5.0789,2.5044,0.5812,1.1791,0.2633,10.7234
38823,Harry-R3_L20P2,71,Harry,20,449,20180219,20180222,0.504,0.6847,16.3574,7.662,3.1698,0.7478,0.813,0.3935,8.7204
38829,Kristaps-R3_L20P8,89,Kristaps,20,450,20180219,20180222,0.3322,0.2934,13.4607,8.9568,1.7158,1.0747,1.3648,0.261,7.1171
38828,Alabama-R3_L20P7,6,Alabama,20,451,20180219,20180222,0.2025,0.1673,7.0614,7.4216,0.9656,0.5682,0.0969,0.0389,2.3806
38831,Danuta-R3_L20P10,49,Danuta,20,452,20180219,20180222,0.3006,0.3337,12.547,8.1216,1.9169,0.6001,0.6479,0.1299,5.8216
38834,Colada-R3_L20P13,44,Colada,20,453,20180219,20180222,0.8135,0.9587,13.7532,6.5708,2.7106,0.5909,1.374,0.317,10.4887
38835,Trinidad-R3_L20P14,145,Trinidad,20,454,20180219,20180222,0.3717,0.5089,12.7605,6.5119,2.664,0.8993,1.1207,0.3161,8.2852
38837,Delibes-R3_L20P16,50,Delibes,20,455,20180219,20180222,0.4642,0.6718,12.1135,7.0716,2.5332,0.8846,0.7377,0.3127,7.364
38836,Heris-R3_L20P15,76,Heris,20,456,20180219,20180222,0.9961,1.0812,12.1044,7.3695,2.9615,0.8055,2.2467,0.2972,12.1678
38838,Saloon-R3_L20P17,128,Saloon,20,457,20180219,20180222,0.5059,0.4793,13.4409,7.4076,2.8609,1.2356,0.6705,0.5036,8.1414
38839,Elo-R3_L20P18,54,Elo,20,458,20180219,20180222,0.3336,0.5046,10.3219,6.7976,1.7684,0.4364,0.3803,0.2954,5.0975
38840,Maris mink-R3_L20P19,97,Maris mink,20,459,20180219,20180222,0.3132,0.3591,11.006,8.5018,1.8897,0.8978,1.2198,0.194,6.8832
38843,check 2-R9_L20P22,58,Fleet,20,460,20180219,20180222,0.3794,0.5912,11.0581,6.2583,2.3415,0.7152,0.6154,0.4586,7.0737
38844,Wren-R3_L20P23,158,Wren,21,461,20180220,20180222,0.1869,0.2332,11.028,8.3515,2.4072,0.9147,0.124,0.0487,5.2079
38848,Rasa-R3_L21P3,122,Rasa,21,462,20180220,20180222,0.2147,0.2015,12.5263,10.9041,1.3487,0.5953,0.1104,0.0199,3.4286
38849,Wicket-R3_L21P4,156,Wicket,21,463,20180220,20180222,0.3414,0.3198,8.7303,4.0464,1.4312,0.5365,0.3622,0.1868,4.0433
38850,Optic-R3_L21P5,107,Optic,21,464,20180220,20180222,0.525,0.64,15.4453,6.4863,3.2602,0.6248,2.4738,0.4778,13.8508
38852,Isabella-R3_L21P7,84,Isabella,21,465,20180220,20180222,0.5986,0.6894,14.5243,7.1047,3.1665,0.8185,1.0689,0.5156,9.8433
38853,Helmi-R3_L21P8,75,Helmi,21,466,20180220,20180222,0.1955,0.3029,8.8972,8.6405,2.1205,0.5158,0.3985,0.1011,5.559
38855,Maypole-R3_L21P10,98,Maypole,21,467,20180220,20180222,0.5846,0.5663,11.4036,6.4513,1.9545,0.6936,0.3562,0.1413,5.1772
38857,Sacha-R3_L21P12,127,Sacha,21,468,20180220,20180222,0.9868,1.0977,15.0754,7.5525,3.7785,0.5499,2.6831,0.1946,18.9061
38860,Berac-R3_L21P15,22,Berac,21,469,20180220,20180222,0.9939,0.909,14.5448,7.4272,2.9793,0.6312,1.4132,0.2044,10.1173
38862,Indola-R3_L21P17,83,Indola,21,470,20180220,20180222,0.2987,0.3333,10.6908,5.3414,1.8743,0.5319,0.9422,0.1327,7.608
38861,Poker-R3_L21P16,113,Poker,21,471,20180220,20180222,0.4789,0.6249,8.1552,2.1035,2.067,0.8041,1.8886,0.2391,9.7895
38864,Foxtrot-R3_L21P19,61,Foxtrot,21,472,20180220,20180222,0.5902,0.6929,11.8544,6.1268,3.2187,0.4688,2.2995,0.2155,13.3492
38865,Drum-R3_L21P20,53,Drum,21,473,20180220,20180222,0.3778,0.3783,6.7742,4.0121,1.7394,0.4043,0.8116,0.2383,5.6861
38868,Chariot-R3_L21P23,37,Chariot,21,474,20180220,20180222,1.6071,1.7931,14.674,6.1463,4.0238,0.4121,2.3193,0.4065,21.3713
38870,Alis-R3_L21P25,7,Alis,21,475,20180220,20180222,0.6939,0.8513,10.3106,9.2387,1.6394,0.2942,0.4865,0.0514,5.0629
38859,check 3-R9_L21P14,103,Mundah,21,476,20180220,20180222,0.2069,0.3489,12.4379,9.8894,2.3583,0.3982,0.2166,0.0679,5.775
